date,ticker,clusters
2026-06-05,BETR,3
2026-06-05,SHAK,6
2026-06-05,TLSI,5
2026-06-05,VIDA,5
2026-06-05,SMMT,3
2026-06-05,STRR,3
2026-06-05,ONON,3
2026-06-05,TKO,3
2026-06-05,SMWB,4
2026-06-05,EROK,5
2026-06-05,LODE,4
2026-06-05,BRCB,4
2026-06-05,AMRZ,4
2026-06-05,NOMD,4
2026-06-05,MRP,4
2026-05-28,AMRZ,5
2026-05-28,AVLN,3
2026-05-28,BETR,3
2026-05-28,BRCB,4
2026-05-28,EROK,5
2026-05-28,GEHC,7
2026-05-28,NOMD,4
2026-05-28,ONON,3
2026-05-28,PATK,5
2026-05-28,PSUS,7
2026-05-28,SHAK,6
2026-05-28,SRAD,7
2026-05-28,TKO,3
2026-05-28,TLSI,5
2026-05-28,VIDA,5
2026-05-29,AMRZ,5
2026-05-29,AVLN,3
2026-05-29,BETR,3
2026-05-29,BRCB,4
2026-05-29,EROK,5
2026-05-29,GEHC,7
2026-05-29,NOMD,4
2026-05-29,ONON,3
2026-05-29,PATK,5
2026-05-29,PSUS,7
2026-05-29,SHAK,6
2026-05-29,SRAD,7
2026-05-29,TKO,3
2026-05-29,TLSI,5
2026-05-29,VIDA,5
2026-06-01,AMRZ,5
2026-06-01,BETR,3
2026-06-01,BRCB,4
2026-06-01,EROK,5
2026-06-01,FCN,3
2026-06-01,GEHC,4
2026-06-01,MRP,4
2026-06-01,NOMD,4
2026-06-01,ONON,3
2026-06-01,OPCH,4
2026-06-01,PATK,5
2026-06-01,SHAK,6
2026-06-01,TKO,3
2026-06-01,TLSI,5
2026-06-01,VIDA,5
2026-06-02,AMRZ,5
2026-06-02,BETR,3
2026-06-02,BRCB,4
2026-06-02,EROK,5
2026-06-02,FCN,3
2026-06-02,MRP,4
2026-06-02,NOMD,4
2026-06-02,ONON,3
2026-06-02,OPCH,4
2026-06-02,PATK,5
2026-06-02,SHAK,6
2026-06-02,SMWB,4
2026-06-02,TKO,3
2026-06-02,TLSI,5
2026-06-02,VIDA,5
2026-06-03,AMRZ,5
2026-06-03,BETR,3
2026-06-03,BRCB,4
2026-06-03,EROK,5
2026-06-03,FCN,3
2026-06-03,MRP,4
2026-06-03,NOMD,4
2026-06-03,ONON,3
2026-06-03,PATK,5
2026-06-03,SHAK,6
2026-06-03,SMWB,4
2026-06-03,STRR,3
2026-06-03,TKO,3
2026-06-03,TLSI,5
2026-06-03,VIDA,5
2026-06-04,AMRZ,4
2026-06-04,BETR,3
2026-06-04,BRCB,4
2026-06-04,EROK,5
2026-06-04,FCN,3
2026-06-04,LODE,4
2026-06-04,MRP,4
2026-06-04,NOMD,4
2026-06-04,ONON,3
2026-06-04,SHAK,6
2026-06-04,SMWB,4
2026-06-04,STRR,3
2026-06-04,TKO,3
2026-06-04,TLSI,5
2026-06-04,VIDA,5
2026-06-05,SMMT,3
2026-06-05,SMMT,3
2026-06-08,ADC,4
2026-06-08,WHF,4
2026-06-09,QNT,11
2026-06-09,TSM,31
2026-06-10,BWFG,5
2026-06-10,STRR,5
2026-06-12,MBBC,4
2026-06-12,AII,4
2026-06-12,INR,3
2026-06-15,PICS,3
2026-06-15,SMMT,3
2026-06-15,INR,4
2026-06-15,AMRZ,4
2026-06-15,BETR,3
2026-06-15,INIO,4
2026-06-15,SMWB,4
2026-06-15,LODE,4
2026-06-15,FRST,5
2026-06-16,WHF,4
2026-06-16,STRR,6
2026-06-16,RYAN,5
2026-06-16,LOGC,3
2026-06-16,BGDE,5
2026-06-16,HLNE,3
2026-06-17,QNT,11
2026-06-17,TSM,31
2026-06-19,FISV,5
2026-06-22,MBBC,4
2026-06-23,FCBM,15
2026-06-23,INR,4
2026-06-23,LODE,4
2026-06-23,PICS,3
2026-06-23,SMMT,3
2026-06-24,STRR,6
2026-06-24,BGDE,5
2026-06-24,RYAN,5
2026-06-24,ADSK,4
2026-06-24,WHF,3
2026-06-24,LOGC,3
2026-06-24,HLNE,3
2026-06-25,TSM,31
2026-06-25,QNT,11
2026-06-25,KARD,3
2026-06-25,LILA,3
2026-06-26,LILA,4
2026-06-29,DPC,9
2026-06-29,KMX,5
2026-06-29,FISV,5
2026-06-30,MBBC,4
2026-06-30,AADX,4
2026-06-30,PBLS,3
2026-07-01,FCBM,15
2026-07-01,LILA,5
2026-07-01,INR,4
2026-07-01,LODE,4
2026-07-02,SPG,11
2026-07-02,STRR,5
2026-07-02,BGDE,5
2026-07-02,RYAN,5
2026-07-03,TSM,31
2026-07-03,QNT,11
2026-07-03,WBX,4
2026-07-03,KARD,3
2026-07-06,HLNE,3
2026-07-06,BORR,3
2026-07-07,DPC,9
2026-07-07,KMX,5
2026-07-07,FISV,5
